loss,val_loss
170.2281036376953,86.0765609741211
88.63934326171875,76.49053955078125
75.66461181640625,64.07099151611328
69.83055114746094,63.3730354309082
66.87240600585938,59.69871139526367
62.91402816772461,56.53882598876953
60.48647689819336,53.56477355957031
59.35253143310547,54.379493713378906
56.81291580200195,50.006065368652344
59.18746566772461,55.87422180175781
56.079036712646484,55.12425994873047
54.9742431640625,47.58542251586914
55.923622131347656,48.714874267578125
53.68732833862305,57.73347473144531
63.219573974609375,51.268943786621094
55.71908187866211,56.24458694458008
55.03682327270508,49.755943298339844
53.308631896972656,50.43799591064453
52.87306594848633,48.63719177246094
52.37735366821289,49.20634078979492
50.836578369140625,46.71415710449219
50.22120666503906,46.092018127441406
50.2412223815918,51.08863067626953
50.737632751464844,46.24440383911133
50.638587951660156,43.242149353027344
51.3794059753418,47.896385192871094
49.99367141723633,46.16474914550781
51.90474319458008,48.63972854614258
50.348915100097656,44.097991943359375
48.67665481567383,43.06998825073242
48.35893249511719,47.59914016723633
47.94572448730469,47.650535583496094
46.63222122192383,42.37754440307617
47.393856048583984,45.494361877441406
47.71761703491211,43.35981750488281
47.489158630371094,40.468502044677734
46.13370132446289,40.510902404785156
48.48639678955078,39.73082733154297
50.547752380371094,43.47306823730469
48.03167724609375,43.91899108886719
47.79404830932617,42.37542724609375
46.651771545410156,42.5383415222168
47.195552825927734,43.1558723449707
45.867942810058594,43.41935348510742
45.1119270324707,40.804283142089844
45.64841079711914,41.536865234375
45.82793045043945,41.219322204589844
45.62991714477539,42.84717559814453
45.12068176269531,41.10902786254883
46.29833221435547,41.85224914550781
44.856842041015625,44.375335693359375
44.890377044677734,42.51152038574219
44.993492126464844,41.89273452758789
44.5046272277832,40.24689483642578
45.09526443481445,41.311798095703125
45.49947738647461,46.095767974853516
45.233577728271484,64.8606185913086
43.8510627746582,38.98404312133789
43.97557830810547,39.339664459228516
43.90964126586914,39.71242141723633
42.91053009033203,41.97426223754883
44.1569709777832,40.85920333862305
44.12567138671875,45.8542366027832
44.07549285888672,39.333736419677734
42.85413360595703,38.420066833496094
43.86571502685547,39.230037689208984
42.81342315673828,38.203067779541016
44.816402435302734,55.11761474609375
43.6788444519043,37.63661193847656
44.76929473876953,37.91145706176758
42.90699005126953,38.34554672241211
42.4965705871582,43.14041519165039
42.89546585083008,36.86723709106445
41.712188720703125,38.100807189941406
41.548133850097656,39.89247512817383
43.83383560180664,37.487953186035156
43.37075424194336,37.816162109375
42.05144500732422,38.44967269897461
41.91404342651367,37.233123779296875
41.581390380859375,38.57648468017578
41.76076126098633,39.60427474975586
40.85663604736328,38.78486633300781
42.01642608642578,41.234588623046875
41.19478225708008,37.46513748168945
41.579811096191406,38.209232330322266
41.65170669555664,41.03925323486328
41.3552131652832,38.0906982421875
41.31473922729492,38.7689323425293
42.64942169189453,43.34147262573242
41.90228271484375,40.01542663574219
40.96714401245117,40.642234802246094
42.900386810302734,40.057411193847656
41.05988311767578,35.98707962036133
39.71184539794922,35.3300895690918
37.91733169555664,33.13328552246094
38.35164260864258,34.05546188354492
36.95991134643555,31.98200798034668
39.19719696044922,36.09273147583008
37.05073165893555,30.76991844177246
35.92824172973633,32.30824279785156
35.1209716796875,28.64266586303711
34.13533020019531,28.636938095092773
34.05598831176758,32.778011322021484
33.5211181640625,26.929908752441406
32.8936653137207,27.49122428894043
34.986732482910156,30.082422256469727
34.43024826049805,26.611989974975586
33.26700210571289,28.042497634887695
32.79451370239258,27.036670684814453
31.852886199951172,25.795804977416992
32.76118850708008,25.196367263793945
31.472230911254883,25.853214263916016
31.70460319519043,27.329315185546875
32.42255401611328,26.441951751708984
32.326751708984375,25.336849212646484
30.738487243652344,24.562408447265625
32.65591049194336,30.762617111206055
31.113948822021484,24.93735694885254
30.61359405517578,26.26300621032715
30.2800235748291,24.5262393951416
30.123804092407227,25.53199577331543
29.963518142700195,28.008190155029297
30.427642822265625,27.212167739868164
31.18100357055664,24.32625961303711
30.177061080932617,24.105371475219727
29.31009292602539,23.853778839111328
29.338335037231445,22.476648330688477
28.756479263305664,22.871835708618164
28.615955352783203,21.573240280151367
29.570032119750977,23.405427932739258
28.464929580688477,23.155508041381836
28.503990173339844,23.451427459716797
28.670700073242188,36.57527160644531
27.662216186523438,21.83383560180664
27.88789939880371,22.651344299316406
26.511741638183594,20.770151138305664
25.911165237426758,19.165687561035156
26.748064041137695,23.10619354248047
28.91794204711914,19.643415451049805
26.00945472717285,22.568450927734375
25.225919723510742,20.678096771240234
28.37512969970703,19.109235763549805
25.317934036254883,19.178071975708008
25.87455940246582,20.200136184692383
24.826099395751953,20.687410354614258
24.897178649902344,21.062986373901367
25.005863189697266,18.86149787902832
24.400920867919922,19.008359909057617
25.359752655029297,20.70988655090332
26.744991302490234,18.01468849182129
23.811555862426758,16.80537986755371
23.296016693115234,16.37323760986328
22.70771026611328,17.321313858032227
25.250932693481445,20.57999610900879
24.56089973449707,18.58126449584961
23.74580955505371,21.11635971069336
23.855632781982422,18.34160804748535
23.531978607177734,20.22178840637207
23.16512107849121,18.25335121154785
23.473846435546875,17.292129516601562
23.73451805114746,20.8338680267334
23.407262802124023,15.294046401977539
22.918167114257812,17.502830505371094
22.9869384765625,18.39570426940918
22.7047176361084,17.76787757873535
22.21979331970215,16.852338790893555
23.21831703186035,17.34085464477539
21.51999855041504,16.68824005126953
21.488374710083008,16.72359275817871
21.98080825805664,19.737594604492188
21.868301391601562,16.059938430786133
22.102703094482422,18.87891387939453
21.867197036743164,17.415369033813477
23.391164779663086,18.34381866455078
21.344345092773438,16.39834213256836
21.580236434936523,14.559321403503418
20.539642333984375,17.756492614746094
20.910844802856445,15.647168159484863
22.41864776611328,15.571004867553711
21.035959243774414,16.89508628845215
20.46444320678711,15.234623908996582
20.42281150817871,17.583654403686523
20.151826858520508,16.053226470947266
20.127124786376953,15.010820388793945
19.909116744995117,14.637116432189941
19.83948516845703,15.319164276123047
19.639846801757812,13.585975646972656
19.223617553710938,15.676240921020508
19.77652359008789,14.19920825958252
18.7200984954834,14.799450874328613
20.76262855529785,14.234292030334473
20.43010711669922,17.076852798461914
20.061843872070312,13.844648361206055
18.79355812072754,12.762866973876953
18.429767608642578,13.917365074157715
18.587732315063477,12.54895305633545
18.336658477783203,11.737467765808105
18.99522590637207,13.640766143798828
18.240673065185547,13.176143646240234
18.406875610351562,13.879700660705566
18.209957122802734,12.666056632995605
17.944683074951172,12.290303230285645
17.925453186035156,14.95724868774414
18.517417907714844,14.688343048095703
19.177474975585938,11.625138282775879
18.324377059936523,14.198290824890137
20.284324645996094,15.287162780761719
18.846277236938477,13.142088890075684
18.365510940551758,13.17508602142334
18.58016586303711,11.688136100769043
18.54314613342285,14.137161254882812
17.41439437866211,15.563065528869629
17.280250549316406,13.29910659790039
16.93389892578125,11.877140045166016
17.92677116394043,12.3820161819458
17.18553352355957,13.992586135864258
17.11395263671875,14.949007034301758
16.75959014892578,12.099534034729004
16.616703033447266,11.346620559692383
17.320117950439453,13.325011253356934
16.662572860717773,15.069207191467285
18.037994384765625,13.75277042388916
17.37742042541504,16.489227294921875
17.305889129638672,13.317436218261719
17.558502197265625,14.336627006530762
16.93704605102539,11.451444625854492
17.36359405517578,13.427305221557617
17.11465835571289,11.034814834594727
16.84255027770996,11.778512001037598
16.725618362426758,14.139644622802734
17.12040901184082,15.171089172363281
17.06982421875,11.41181468963623
16.70682144165039,12.405729293823242
16.851680755615234,11.648003578186035
16.642852783203125,11.557934761047363
16.774459838867188,14.842663764953613
16.485919952392578,11.686566352844238
16.098983764648438,11.459332466125488
15.985730171203613,12.303296089172363
17.42163848876953,14.456371307373047
16.301197052001953,11.407832145690918
16.723711013793945,12.19100570678711
17.461172103881836,13.212520599365234
16.193140029907227,11.891972541809082
19.65768814086914,11.33880615234375
16.3807430267334,12.62988567352295
16.62363052368164,12.849593162536621
16.12966537475586,10.375908851623535
16.144567489624023,11.883907318115234
16.209321975708008,12.765562057495117
16.965604782104492,11.639664649963379
15.922764778137207,10.379433631896973
15.67232608795166,13.161199569702148
15.347911834716797,9.86332893371582
15.62020206451416,10.969867706298828
15.816068649291992,11.07906723022461
15.462871551513672,10.647010803222656
14.814861297607422,11.465079307556152
15.07748031616211,10.6203031539917
15.398717880249023,12.268463134765625
15.139239311218262,10.409823417663574
14.769742012023926,10.884748458862305
14.517316818237305,15.63896369934082
14.75290584564209,10.828990936279297
14.655405044555664,13.918989181518555
15.64947509765625,10.63708209991455
15.159401893615723,10.081392288208008
14.926985740661621,13.535347938537598
15.466676712036133,10.687199592590332
15.302841186523438,13.224454879760742
15.278411865234375,11.456456184387207
15.030414581298828,11.6629056930542
14.761468887329102,10.463040351867676
14.406834602355957,14.181503295898438
14.601753234863281,12.0653715133667
14.298230171203613,10.389657020568848
14.0222806930542,13.41556453704834
16.626922607421875,11.67548656463623
14.466708183288574,9.991057395935059
14.243294715881348,12.469953536987305
14.724104881286621,9.590606689453125
13.706758499145508,9.109870910644531
13.984644889831543,10.386117935180664
14.777503967285156,12.212674140930176
14.712909698486328,10.313462257385254
14.117644309997559,12.06791877746582
14.484366416931152,10.344624519348145
13.684831619262695,9.916620254516602
13.765789031982422,11.34499740600586
13.654708862304688,10.323710441589355
15.645870208740234,14.330374717712402
13.579161643981934,8.888850212097168
14.185235023498535,11.851727485656738
13.953484535217285,10.249418258666992
14.45714282989502,11.848359107971191
13.973682403564453,9.682397842407227
13.559499740600586,11.0079927444458
14.446985244750977,12.003103256225586
13.918871879577637,12.647011756896973
13.592971801757812,9.845495223999023
14.057721138000488,8.762843132019043
13.76830768585205,9.06479549407959
13.489482879638672,9.882366180419922
13.525814056396484,9.512415885925293
13.758901596069336,8.821873664855957
13.544517517089844,9.916464805603027
13.665229797363281,10.592229843139648
12.961956024169922,8.837926864624023
13.206127166748047,8.240413665771484
13.343754768371582,10.626715660095215
13.315624237060547,10.04440975189209
13.469260215759277,12.47908878326416
12.987515449523926,12.452385902404785
13.646245002746582,10.607926368713379
13.1648588180542,12.87210464477539
13.276063919067383,11.245593070983887
12.870738983154297,12.14720344543457
13.505367279052734,9.424406051635742
13.37120246887207,11.833970069885254
13.299930572509766,10.57966423034668
13.222793579101562,11.485008239746094
13.144640922546387,11.458930969238281
14.070796012878418,9.444786071777344
13.259915351867676,8.487706184387207
12.853261947631836,9.098969459533691
13.152373313903809,9.841512680053711
13.817995071411133,9.414776802062988
13.295544624328613,9.53742790222168
12.913349151611328,8.74892520904541
12.796022415161133,8.274048805236816
13.071799278259277,10.766982078552246
13.043875694274902,9.650089263916016
12.824711799621582,10.670845985412598
12.805490493774414,8.582425117492676
12.866425514221191,8.90306568145752
12.396554946899414,8.659280776977539
12.449166297912598,8.673552513122559
12.5848388671875,9.065701484680176
12.600468635559082,11.37784194946289
12.709127426147461,10.00584888458252
12.919699668884277,9.256509780883789
12.30644702911377,8.614583015441895
12.545455932617188,9.109684944152832
12.599802017211914,8.656119346618652
12.003551483154297,8.386088371276855
12.361711502075195,9.348989486694336
12.403162002563477,10.049184799194336
11.95118236541748,10.812566757202148
13.020751953125,9.727926254272461
12.47005844116211,8.267661094665527
12.840348243713379,9.755250930786133
12.497406005859375,10.662247657775879
12.170476913452148,8.327877044677734
12.43934154510498,9.041054725646973
12.399185180664062,9.599085807800293
11.853109359741211,8.266054153442383
11.991025924682617,9.299699783325195
11.837299346923828,8.172110557556152
12.458025932312012,8.359541893005371
11.905695915222168,7.847714424133301
11.994600296020508,9.40626335144043
12.077290534973145,7.695178508758545
11.807334899902344,9.147053718566895
11.884108543395996,7.908680438995361
11.75424861907959,8.530662536621094
11.872659683227539,9.539870262145996
11.695003509521484,11.336433410644531
11.46239185333252,8.245710372924805
11.736862182617188,9.56926441192627
11.715481758117676,8.172815322875977
11.80472469329834,8.925037384033203
11.666011810302734,8.05134391784668
11.86858081817627,8.184298515319824
11.275765419006348,9.048845291137695
11.260199546813965,8.309303283691406
12.195233345031738,9.125436782836914
11.40474796295166,11.244767189025879
11.893662452697754,10.32676887512207
11.388547897338867,8.828261375427246
11.7041654586792,7.570525169372559
12.446528434753418,8.43571662902832
11.556229591369629,7.913881778717041
11.794890403747559,9.028704643249512
12.16633129119873,8.790565490722656
12.154108047485352,9.933907508850098
11.366194725036621,7.922143936157227
11.604452133178711,8.767390251159668
11.597050666809082,9.251646995544434
11.25368595123291,8.318233489990234
11.477201461791992,9.8323392868042
11.919986724853516,11.037988662719727
11.710283279418945,7.658351898193359
11.471199035644531,7.5006103515625
11.334868431091309,8.273151397705078
11.23074722290039,8.290749549865723
11.255187034606934,7.547924995422363
10.94282341003418,7.5266852378845215
11.178448677062988,8.057500839233398
11.102608680725098,7.851663589477539
11.451393127441406,7.757684230804443
11.104849815368652,8.17828369140625
10.96925163269043,9.817352294921875
11.125799179077148,8.6956205368042
11.116525650024414,8.09882640838623
10.928887367248535,8.195341110229492
10.747709274291992,8.678915023803711
11.232701301574707,8.200563430786133
11.015567779541016,8.752593040466309
10.664700508117676,8.206974029541016
10.919445991516113,8.983046531677246
11.115245819091797,9.12281608581543
10.714768409729004,7.190593719482422
10.812191009521484,6.965639591217041
11.008367538452148,8.425912857055664
10.74797248840332,8.07430362701416
12.844393730163574,7.793989181518555
10.933958053588867,8.123193740844727
10.853957176208496,7.03413724899292
12.753276824951172,8.795795440673828
11.609736442565918,8.105653762817383
10.960968017578125,8.148876190185547
10.392271995544434,9.620993614196777
10.50560188293457,6.942444324493408
10.59214973449707,7.561439037322998
10.57243537902832,7.5737128257751465
10.470046997070312,8.053855895996094
10.520883560180664,6.649875164031982
10.655384063720703,8.831998825073242
10.777352333068848,7.52178955078125
10.782010078430176,7.021683216094971
10.831465721130371,7.3468403816223145
10.37667465209961,7.168844223022461
10.606186866760254,7.4056291580200195
10.702613830566406,7.7105793952941895
10.446331024169922,6.159204006195068
10.285231590270996,9.043306350708008
10.420844078063965,6.951679229736328
10.579366683959961,6.948953151702881
10.416131973266602,7.623654842376709
10.158171653747559,7.167507648468018
10.463102340698242,7.367072105407715
10.14402961730957,7.582783222198486
10.411598205566406,7.491304397583008
10.399948120117188,8.346982955932617
10.646282196044922,8.08459758758545
10.035490989685059,6.930147171020508
15.947547912597656,8.37606430053711
10.643723487854004,6.275846481323242
10.583460807800293,8.911179542541504
9.810297966003418,6.453561782836914
9.826363563537598,7.074410915374756
10.415332794189453,6.443016052246094
10.129669189453125,11.178065299987793
10.551079750061035,8.603568077087402
10.002208709716797,6.265365123748779
10.10740852355957,9.568458557128906
10.145827293395996,6.311086654663086
10.017704963684082,7.205007553100586
9.857922554016113,8.613421440124512
10.037928581237793,8.12283706665039
10.074484825134277,6.254995822906494
10.253124237060547,6.2488274574279785
9.950883865356445,10.540994644165039
10.348215103149414,6.648983955383301
10.375860214233398,7.930915832519531
9.595087051391602,7.3255510330200195
9.94124984741211,7.452721118927002
10.240137100219727,12.933554649353027
10.656286239624023,9.150811195373535
10.013284683227539,6.877017498016357
9.700454711914062,8.258763313293457
9.8553466796875,6.657174110412598
9.491875648498535,6.612538814544678
9.766217231750488,6.448478698730469
10.029435157775879,7.010739803314209
9.571639060974121,6.788914680480957
9.861583709716797,7.41962194442749
10.196069717407227,9.084372520446777
10.050046920776367,7.477536678314209
9.804319381713867,6.794734477996826
9.699275016784668,6.865906715393066
9.846918106079102,8.215230941772461
9.818560600280762,6.665734767913818
9.932700157165527,8.61215877532959
9.78386402130127,5.986483097076416
9.9910306930542,11.6931734085083
10.320049285888672,10.38711929321289
10.122578620910645,6.987306118011475
9.587763786315918,6.877346515655518
9.62057876586914,6.103850841522217
9.695780754089355,6.303928852081299
9.851318359375,7.741689682006836
9.853676795959473,9.150163650512695
9.445566177368164,6.867045879364014
9.647431373596191,6.377728462219238
9.585617065429688,6.615720272064209
21.09931755065918,9.346152305603027
9.484404563903809,6.074733257293701
9.318571090698242,6.777187347412109
9.968669891357422,6.805942058563232
9.959319114685059,6.488309860229492
9.321582794189453,5.974892616271973
9.511859893798828,8.218564987182617
9.43775463104248,10.076640129089355
9.598015785217285,6.732680797576904
9.570353507995605,7.174999237060547
9.20210075378418,7.20361852645874
9.24129581451416,6.061784744262695
9.547307014465332,6.233368873596191
9.414467811584473,8.67440414428711
9.366127967834473,7.356271266937256
9.400609016418457,6.637954235076904
9.313685417175293,8.247088432312012
9.583328247070312,5.806768894195557
9.347771644592285,6.530740261077881
9.268771171569824,6.218265533447266
9.41684341430664,6.003515720367432
9.395855903625488,7.686908721923828
9.443940162658691,6.3421311378479
9.152172088623047,6.921201705932617
9.11820125579834,6.340157985687256
9.198864936828613,6.332164287567139
9.503229141235352,8.836836814880371
9.219378471374512,7.777056694030762
9.475872039794922,6.549543380737305
9.557774543762207,7.243968963623047
9.20302963256836,6.293377876281738
9.100269317626953,5.879658222198486
9.34460735321045,6.7392144203186035
9.189990043640137,6.577664852142334
8.89891242980957,6.701087474822998
8.684889793395996,6.634646892547607
9.18761157989502,6.883484363555908
9.180014610290527,7.44167947769165
9.011728286743164,6.88107967376709
9.193517684936523,6.1443705558776855
9.728492736816406,7.847415447235107
8.986348152160645,6.843604564666748
8.896013259887695,8.668679237365723
9.106949806213379,8.401585578918457
9.262552261352539,8.853328704833984
8.793769836425781,7.5403666496276855
9.28836727142334,8.052033424377441
9.184614181518555,7.095630168914795
8.941826820373535,6.131608009338379
8.851547241210938,6.773860931396484
8.731680870056152,6.32438850402832
9.082686424255371,6.508815288543701
9.019658088684082,6.153170108795166
9.09372615814209,6.414768695831299
9.242785453796387,6.18127965927124
9.092854499816895,6.896572589874268
8.807575225830078,6.913508415222168
8.840476036071777,7.35692834854126
9.421738624572754,5.875850677490234
9.042596817016602,6.1436262130737305
8.776176452636719,7.448455810546875
8.754216194152832,5.831081390380859
8.755504608154297,6.061923503875732
8.779504776000977,5.9011664390563965
8.8843412399292,6.850902557373047
9.061944961547852,6.290152549743652
9.0800199508667,6.847508907318115
8.781294822692871,6.197393894195557
8.782400131225586,5.664888381958008
8.746347427368164,8.87236499786377
8.73533821105957,6.172410488128662
8.792675018310547,6.442722320556641
8.546660423278809,5.47645378112793
8.667288780212402,6.241650581359863
8.697242736816406,6.686820030212402
8.624073028564453,5.9508209228515625
8.371102333068848,6.210844039916992
8.961770057678223,7.508808135986328
8.777631759643555,5.383731365203857
8.774471282958984,6.646770000457764
8.965412139892578,7.217604160308838
8.6843900680542,7.422420978546143
8.626277923583984,6.7649312019348145
8.64028549194336,6.602662563323975
8.765666007995605,5.595342636108398
8.50822925567627,5.7279438972473145
8.887112617492676,6.192767143249512
9.119608879089355,6.729275703430176
8.617998123168945,6.919382572174072
8.647173881530762,6.479308605194092
8.794260025024414,5.906185626983643
8.89609432220459,5.802460670471191
8.647600173950195,7.195327281951904
8.467780113220215,5.97493839263916
8.354199409484863,6.167778015136719
8.531840324401855,5.937617301940918
8.615138053894043,5.916340351104736
8.657096862792969,5.650177001953125
8.386499404907227,5.416355133056641
8.570442199707031,5.92675256729126
8.440143585205078,6.159552574157715
8.270646095275879,5.644394874572754
8.70264720916748,6.5897440910339355
8.446425437927246,6.322482585906982
8.547581672668457,7.012104034423828
8.628686904907227,6.912445068359375
8.508021354675293,6.269438743591309
8.600113868713379,6.417654991149902
8.40854263305664,5.992039203643799
8.4264554977417,8.766364097595215
8.504756927490234,7.225788593292236
8.510066986083984,10.715069770812988
8.66792106628418,7.5606794357299805
8.48007583618164,5.954660892486572
8.277538299560547,6.174757480621338
8.557902336120605,5.278254508972168
8.214545249938965,5.965537071228027
8.135088920593262,6.508039951324463
8.272146224975586,5.387534141540527
8.417001724243164,12.452285766601562
8.517804145812988,6.0526041984558105
8.25328540802002,6.331141471862793
8.417409896850586,5.891134738922119
8.103280067443848,7.5928168296813965
8.545353889465332,7.195226669311523
8.552855491638184,7.264397144317627
8.106407165527344,5.223114967346191
8.746908187866211,5.6708478927612305
8.457803726196289,8.046828269958496
8.2196044921875,5.743246078491211
8.140380859375,5.624189853668213
8.251581192016602,5.606344223022461
7.968226909637451,5.852741718292236
8.650789260864258,10.480645179748535
8.378366470336914,5.819092273712158
8.229168891906738,6.882888317108154
8.602418899536133,5.9805908203125
8.116720199584961,10.5105562210083
8.155264854431152,6.788026332855225
8.453608512878418,5.270204544067383
8.257794380187988,6.107213497161865
8.165942192077637,5.131462097167969
8.362234115600586,5.419589996337891
8.229310989379883,6.169455051422119
7.982150554656982,7.5093231201171875
8.078167915344238,5.502677917480469
8.135415077209473,5.860696315765381
8.084407806396484,5.655425071716309
8.441524505615234,6.107220649719238
10.009576797485352,6.5341877937316895
8.495200157165527,5.452254295349121
8.446395874023438,5.731210708618164
8.05210018157959,5.877887725830078
8.207112312316895,6.8640971183776855
8.040177345275879,6.109750747680664
8.028741836547852,5.517989158630371
7.9205098152160645,5.008248329162598
7.909885883331299,6.526351451873779
7.929067611694336,5.790197372436523
8.257353782653809,5.995818138122559
7.93169641494751,5.705092906951904
8.178034782409668,8.211163520812988
8.166979789733887,5.253509044647217
8.157208442687988,7.313724040985107
7.705738067626953,7.530309200286865
8.550309181213379,6.517185211181641
8.194597244262695,5.352801322937012
8.252821922302246,6.1708197593688965
7.804407119750977,6.785600185394287
7.755656719207764,6.034534931182861
7.818300247192383,5.049849987030029
7.889492511749268,6.864412307739258
8.16958999633789,5.101868152618408
8.00496768951416,7.829979419708252
8.214466094970703,5.779358386993408
7.923232078552246,5.5771307945251465
8.186331748962402,5.472569465637207
7.768345832824707,5.929872989654541
8.050678253173828,6.937923908233643
8.000089645385742,5.9938130378723145
7.919931411743164,5.701478481292725
8.302979469299316,7.844973564147949
8.607982635498047,8.58476448059082
7.887595176696777,5.586490154266357
7.9595770835876465,4.933761119842529
7.80750036239624,5.621529579162598
8.2803373336792,5.252684593200684
7.769138813018799,5.391740798950195
7.713195323944092,6.647425174713135
7.7716779708862305,5.116898536682129
7.694149494171143,5.452442646026611
7.749566555023193,5.783998012542725
7.71330451965332,5.7842698097229
7.86776876449585,6.314645767211914
8.160847663879395,5.63209867477417
7.797757625579834,6.076350212097168
7.557995319366455,6.093958377838135
7.692506790161133,5.201038837432861
7.771220684051514,5.915925025939941
7.62747859954834,5.841590881347656
7.685332298278809,6.813812255859375
7.777577877044678,6.6630940437316895
7.6746697425842285,5.269359111785889
7.802554607391357,8.258061408996582
7.640476703643799,7.3809967041015625
7.95177698135376,5.470391273498535
7.701981067657471,4.848702907562256
7.429745197296143,5.297263145446777
7.545571327209473,6.43162727355957
7.84175443649292,5.84378719329834
7.471761226654053,5.262810707092285
7.654698848724365,6.1449503898620605
7.8203444480896,6.1338396072387695
8.067627906799316,6.079322814941406
7.611404895782471,6.056543827056885
7.742506504058838,7.65947961807251
7.791551113128662,6.380578994750977
7.601878643035889,5.6077351570129395
7.593675136566162,4.839999198913574
7.7220377922058105,5.538863182067871
7.692819595336914,5.672774791717529
7.437042236328125,6.985933303833008
7.834041595458984,5.463156223297119
7.625131607055664,5.833014011383057
7.6466064453125,5.172105312347412
7.621491432189941,5.613672733306885
8.043585777282715,5.266021251678467
7.5212907791137695,6.1162590980529785
7.804574966430664,5.36500883102417
7.69635009765625,4.950866222381592
7.707946300506592,4.970758438110352
7.811839580535889,5.9454193115234375
7.511568546295166,5.411115646362305
7.625674724578857,7.1676459312438965
7.984148025512695,6.2908830642700195
7.431535243988037,5.925933837890625
7.808192253112793,6.3842291831970215
7.665865421295166,6.037079811096191
7.556716442108154,5.286561489105225
7.50123929977417,5.40012264251709
7.461084365844727,6.165005207061768
7.332468032836914,4.917147159576416
7.4058518409729,5.1128411293029785
7.799847602844238,6.7887091636657715
7.568516731262207,8.491280555725098
7.488529205322266,4.687849521636963
7.262616157531738,5.531771659851074
7.658650875091553,6.8022379875183105
7.809384346008301,6.669536590576172
7.286941051483154,5.519981861114502
7.441460609436035,5.800212860107422
7.392970085144043,4.64512825012207
7.511537075042725,5.177559852600098
7.547057628631592,4.909331798553467
7.276059627532959,5.869054794311523
7.335221290588379,5.078349590301514
7.5035505294799805,5.87421989440918
7.600581645965576,5.188589572906494
7.320484638214111,6.028002738952637
7.601110935211182,5.077627658843994
7.7996978759765625,6.511747360229492
7.247696399688721,4.6750946044921875
7.515041351318359,5.43876838684082
7.583502292633057,5.479866027832031
7.395567417144775,5.496219635009766
7.622464656829834,4.8320417404174805
7.536108016967773,5.781013011932373
7.271753311157227,5.16444206237793
7.3902082443237305,5.729849338531494
7.274964809417725,4.841660022735596
7.416910171508789,6.153250217437744
7.554358005523682,5.351691246032715
7.418383598327637,4.959869861602783
7.040346622467041,5.109148979187012
7.49534273147583,5.146106243133545
7.187911033630371,5.298471927642822
7.489181995391846,7.000119209289551
7.121888160705566,5.564901828765869
7.262058734893799,5.012980937957764
7.4032158851623535,5.747584342956543
7.484771251678467,4.861578941345215
7.662599086761475,5.95215368270874
7.202958106994629,7.077437877655029
7.091867446899414,4.907950401306152
7.303175449371338,6.202208042144775
7.274895191192627,6.0896430015563965
7.2047576904296875,6.104547500610352
7.268154144287109,5.53605318069458
7.085079669952393,5.760697364807129
7.559673309326172,6.1743950843811035
7.275915145874023,4.984184265136719
7.297712802886963,5.291165828704834
7.324021339416504,5.692719459533691
7.344274520874023,5.81464958190918
8.323572158813477,7.338802337646484
7.387290000915527,5.679407596588135
7.417102813720703,5.431171894073486
7.363537788391113,5.724036693572998
7.371814727783203,6.353230953216553
7.316354751586914,6.603738784790039
7.139052867889404,5.874016284942627
7.211541175842285,5.061673641204834
7.069190979003906,4.86213493347168
6.966588497161865,5.177649021148682
7.127961158752441,5.214651107788086
7.002397537231445,5.10106897354126
7.224733352661133,6.1229143142700195
7.039374351501465,4.689825534820557
7.0931291580200195,4.893482685089111
7.447364807128906,4.9735212326049805
7.275642395019531,5.3490400314331055
7.157286643981934,5.32122278213501
7.077256679534912,5.126069068908691
7.298560619354248,5.604927062988281
7.1408772468566895,5.1734209060668945
7.24545955657959,5.7922444343566895
7.289358139038086,5.008492469787598
7.151674270629883,5.679506301879883
7.09306526184082,4.901190757751465
7.076716423034668,5.981872081756592
6.947944164276123,5.009974002838135
7.119843006134033,4.8578972816467285
7.168776035308838,6.966216564178467
6.996447563171387,4.546902656555176
6.777205944061279,5.208956241607666
7.041131496429443,4.5899224281311035
7.04929780960083,4.761506080627441
7.10117244720459,5.116969585418701
7.056719779968262,4.494114398956299
6.903231620788574,5.056483745574951
7.019869804382324,5.69028377532959
7.8451313972473145,5.18345832824707
7.051457405090332,5.367227554321289
7.031036376953125,4.720882415771484
6.963532447814941,5.797574520111084
7.340096473693848,5.429260730743408
7.20965576171875,5.317727088928223
6.80932092666626,5.151879787445068
7.098138332366943,5.429828643798828
7.127737998962402,4.953753471374512
6.9933600425720215,5.390581130981445
7.055177688598633,5.010919570922852
7.080954551696777,5.769822120666504
6.878507614135742,5.1888298988342285
6.991701602935791,4.324319839477539
6.884437084197998,7.1012773513793945
7.084620475769043,5.268600940704346
7.16845178604126,5.66301965713501
7.011837482452393,4.6750712394714355
6.982877254486084,5.483986854553223
6.914079666137695,4.854912757873535
7.016480445861816,5.73702335357666
7.000027656555176,4.749690055847168
6.666622638702393,4.409926414489746
6.942120552062988,5.155664443969727
6.865651607513428,4.653461933135986
7.002328872680664,4.739840507507324
6.754494667053223,5.532571792602539
7.464614391326904,4.631506443023682
6.904003620147705,4.79246711730957
7.000121593475342,5.200784683227539
6.847015857696533,5.398399829864502
6.807911396026611,6.337536811828613
6.982180118560791,4.86072301864624
6.942720890045166,4.84444522857666
6.954878330230713,5.234599590301514
6.652421951293945,5.131340980529785
6.83751106262207,4.528558254241943
7.1133880615234375,4.585848808288574
6.776584148406982,4.614472389221191
6.903263092041016,4.692124843597412
7.097513675689697,4.96299934387207
6.763561725616455,4.706272125244141
6.662531852722168,5.78072452545166
7.019317626953125,5.223102569580078
6.988539695739746,5.152050495147705
6.943130970001221,5.685973644256592
6.928524494171143,5.038327217102051
6.858815670013428,4.741048812866211
6.876889705657959,4.5745649337768555
6.8660807609558105,4.382401943206787
6.787672519683838,4.584588050842285
6.853045463562012,5.175229549407959
6.779141426086426,4.861824989318848
6.611152648925781,4.884074687957764
6.915844440460205,5.194296360015869
6.868200778961182,5.107640266418457
6.950009822845459,5.368607997894287
6.757813930511475,5.234526634216309
7.682426929473877,6.586967468261719
6.784051418304443,5.949276924133301
6.7334675788879395,4.609771728515625
6.788582801818848,4.949309349060059
6.7997660636901855,7.094995975494385
6.940141677856445,4.141972064971924
6.598463535308838,5.506958961486816
6.6382904052734375,5.093660831451416
7.0165791511535645,5.522279262542725
6.914661407470703,4.724874973297119
6.574398517608643,4.390326976776123
6.924107074737549,6.964057922363281
7.099028587341309,4.634681224822998
6.626534938812256,5.281218528747559
6.669229030609131,4.364593029022217
6.838912010192871,5.065466403961182
6.8174872398376465,4.990193843841553
6.510269641876221,4.8725128173828125
6.531130313873291,4.70289945602417
6.709807872772217,4.392912864685059
6.933326244354248,5.672794818878174
6.8560099601745605,6.2147016525268555
7.316469192504883,4.735500335693359
6.850148677825928,4.723911762237549
6.731274604797363,5.190581321716309
6.829466342926025,5.8517279624938965
6.689675807952881,4.967617511749268
6.650083065032959,5.206156253814697
6.883579254150391,5.653116703033447
6.828540325164795,4.664194583892822
6.664285182952881,4.82414436340332
6.735960483551025,4.7615203857421875
6.634939193725586,4.96734619140625
6.456006050109863,4.764922142028809
6.851300239562988,4.520771503448486
6.473933696746826,4.670047283172607
6.700848579406738,5.546020030975342
6.767317295074463,4.372679710388184
6.402560710906982,5.918815612792969
6.425354957580566,6.050504207611084
6.626726150512695,5.327284812927246
6.561533451080322,5.474881172180176
6.448707103729248,5.106436729431152
6.587276935577393,5.080591201782227
6.5294599533081055,4.45769739151001
6.415411949157715,4.8400492668151855
6.670511722564697,5.067461013793945
6.731065273284912,4.986611843109131
6.839324951171875,5.239621639251709
6.786563396453857,5.628389358520508
6.8227434158325195,5.803390979766846
6.8313822746276855,5.371811389923096
6.50160026550293,6.086008548736572
6.588947296142578,4.8657121658325195
6.497351169586182,4.858626365661621
6.312888145446777,4.895623207092285
6.454512119293213,5.003090858459473
6.592450141906738,4.459684371948242
6.588347434997559,4.607542514801025
6.790960311889648,5.767670154571533
6.523643970489502,5.9458818435668945
6.681703090667725,5.063196659088135
6.842299938201904,4.459897994995117
6.58540678024292,4.373867988586426
6.476236343383789,4.485060214996338
6.4370574951171875,4.97124719619751
6.576076984405518,5.422479629516602
6.59696626663208,4.888560771942139
6.647609233856201,6.6646528244018555
6.66170597076416,5.2366204261779785
6.455639362335205,4.78741979598999
6.806962013244629,4.817293643951416
6.569088935852051,4.492725849151611
6.585278511047363,8.10179615020752
6.68854284286499,5.010623931884766
6.674321174621582,4.485804080963135
6.496927261352539,5.579863548278809
6.482917785644531,5.926393508911133
6.680920600891113,4.681018352508545
6.413084983825684,4.7321672439575195
6.370349884033203,4.2530364990234375
6.554692268371582,4.654604434967041
6.958431243896484,5.054118633270264
6.504211902618408,4.873340129852295
6.472227573394775,4.401408672332764
6.617279052734375,5.292750358581543
6.714890480041504,5.715541362762451
6.432251930236816,4.307237148284912
6.303988456726074,4.5598673820495605
6.799450874328613,4.662604808807373
6.569868087768555,4.942462921142578
6.381988048553467,4.382795333862305
6.438634872436523,4.508157253265381
6.275156021118164,4.930934429168701
6.258900165557861,6.0820841789245605
7.127600193023682,5.1219706535339355
6.7462849617004395,4.634832382202148
6.368688583374023,5.047386646270752
6.3632988929748535,4.205566883087158
6.520893573760986,4.466520309448242
6.2811384201049805,4.360043048858643
6.349380016326904,4.267884731292725
6.229434013366699,4.484261989593506
6.251004219055176,4.53867244720459
6.468969345092773,4.963010787963867
6.4585113525390625,4.729908466339111
6.388034343719482,5.151547908782959
6.293170928955078,4.919827461242676
6.472013473510742,4.420637607574463
6.294946193695068,4.79896879196167
6.511267185211182,4.02380895614624
6.485174655914307,4.518820285797119
6.799324989318848,4.255366325378418
6.581149101257324,4.603627681732178
6.60133171081543,5.229715824127197
6.451504707336426,4.777411937713623
6.233121871948242,4.566616535186768
6.5772705078125,5.329435348510742
6.452345371246338,4.990704536437988
6.20005464553833,4.744716167449951
6.162019729614258,6.200509548187256
6.2961320877075195,5.529438495635986
6.272308349609375,4.91619348526001
6.322726726531982,4.2151007652282715
6.286456108093262,4.469443321228027
6.3918046951293945,4.2635087966918945
6.4102582931518555,4.261592388153076
6.512866020202637,4.377869606018066
6.656375885009766,4.481025218963623
6.483797073364258,4.971210956573486
7.232982158660889,4.50533390045166
6.392062187194824,5.6821136474609375
6.624025344848633,4.599626541137695
6.456525802612305,5.176211357116699
6.3109660148620605,5.783209800720215
6.380549907684326,4.848095893859863
6.812902927398682,5.214582443237305
6.618129253387451,5.038751602172852
6.34047269821167,4.7776265144348145
6.294788837432861,5.153042316436768
6.394369125366211,4.723698139190674
6.362161159515381,5.108217239379883
6.310845851898193,4.163515567779541
6.184847831726074,4.186147689819336
6.531400203704834,4.633698463439941
6.389264106750488,4.599164009094238
6.259543418884277,5.464521884918213
6.417330265045166,5.829349040985107
6.414947509765625,4.407932281494141
6.139819622039795,4.472862243652344
6.508185863494873,4.137306213378906
6.2717084884643555,4.952750205993652
6.534214973449707,4.825851917266846
6.262416362762451,4.355221748352051
6.393949031829834,5.034420490264893
6.204730033874512,4.752535343170166
6.464371204376221,5.221467018127441
6.376246452331543,4.714762210845947
6.232061386108398,4.225315093994141
6.088855266571045,4.945857524871826
6.262646675109863,5.063654899597168
6.335268020629883,4.418706893920898
6.27630090713501,4.413593769073486
6.414066791534424,5.223495006561279
6.227041244506836,4.371949672698975
6.279236316680908,4.296183109283447
6.305942058563232,5.543973922729492
6.433834552764893,4.646177768707275
6.148720741271973,4.546568393707275
6.210942268371582,5.003039836883545
6.316204071044922,4.26266622543335
6.352651596069336,5.31913423538208
6.457274913787842,4.177366256713867
6.502917289733887,4.768413543701172
6.290826797485352,5.3267645835876465
6.337298393249512,4.528789520263672
6.497702598571777,5.297204971313477
6.298269271850586,4.885496139526367
6.143105983734131,4.553521633148193
6.194836616516113,4.478379249572754
6.397479057312012,5.021319389343262
6.223073959350586,4.116963863372803
6.17850923538208,4.894578456878662
6.137208938598633,5.041400909423828
6.224392890930176,4.274757385253906
6.0743560791015625,4.505989074707031
6.165508270263672,4.670849323272705
6.099859714508057,4.791807174682617
6.250524044036865,4.380431175231934
6.061647415161133,4.344511985778809
6.102847576141357,4.775291919708252
6.52036190032959,4.615468502044678
6.044318675994873,4.293680667877197
5.923957824707031,4.811400890350342
6.039859771728516,4.385274887084961
6.133128643035889,4.231637477874756
6.132963180541992,4.400903701782227
6.069597244262695,5.245913982391357
6.194562911987305,4.635855197906494
6.116681098937988,4.464789867401123
6.308831214904785,5.171655654907227
5.868605613708496,4.629520893096924
5.966525554656982,4.284588813781738
5.971028804779053,4.3823418617248535
6.112722873687744,4.356222629547119
6.201096057891846,5.246950149536133
6.126841068267822,4.130034923553467
6.165101528167725,4.579557418823242
6.022906303405762,5.261882781982422
6.2331414222717285,4.667811393737793
7.480305194854736,4.985519886016846
6.375585079193115,4.289656162261963
5.910679817199707,5.506412506103516
5.8921732902526855,5.04935884475708
5.855663299560547,5.291382312774658
6.089137077331543,4.199650287628174
6.052127838134766,4.55347204208374
6.1786789894104,4.4554033279418945
6.139931678771973,5.160926818847656
6.128252029418945,4.346838474273682
6.161133766174316,5.650543212890625
5.95104455947876,4.268359661102295
5.935573577880859,5.245846271514893
6.108383655548096,4.572256088256836
6.019465923309326,4.420961856842041
5.945347785949707,4.359119415283203
6.1498918533325195,6.956082820892334
6.235353946685791,4.417189598083496
5.890365123748779,4.068450450897217
6.016172409057617,4.707301616668701
5.862216949462891,4.649648189544678
6.102811336517334,4.262448310852051
6.023791313171387,4.992303371429443
6.139311790466309,4.441386699676514
5.950521469116211,3.812232255935669
5.943624019622803,4.756412506103516
5.912819862365723,4.29099178314209
6.088496685028076,4.841846942901611
6.145986557006836,4.378258228302002
5.881220817565918,4.527002334594727
6.002775192260742,5.5221357345581055
5.919249057769775,4.384581089019775
6.150510311126709,5.133784770965576
5.870616912841797,4.7538957595825195
6.141589641571045,5.602189540863037
5.91540002822876,4.048564910888672
5.760419845581055,4.294538974761963
5.996973514556885,4.137038230895996
5.900943279266357,4.452795028686523
6.029516220092773,4.066056251525879
5.915491104125977,5.566070079803467
5.986922740936279,4.34377384185791
5.923191547393799,4.2783427238464355
6.350606918334961,4.508808135986328
5.8252739906311035,4.112236976623535
6.028888702392578,3.774095058441162
6.050319194793701,4.189667701721191
6.003114700317383,3.955169677734375
5.89322566986084,7.165931701660156
6.246184349060059,4.143725872039795
6.106875896453857,4.2267537117004395
5.89230489730835,4.192383289337158
5.900319576263428,5.905174255371094
5.895291328430176,4.574052333831787
6.024755001068115,5.025077819824219
6.037065029144287,4.49515438079834
5.9786224365234375,4.2072882652282715
6.178198337554932,4.904049396514893
5.892194747924805,4.386765480041504
5.767229080200195,4.191468238830566
5.757656574249268,4.182803630828857
5.928088188171387,4.175593852996826
5.7060065269470215,4.065529823303223
5.821100234985352,4.986884117126465
5.9181742668151855,4.579041481018066
5.949179649353027,4.438039302825928
5.874051094055176,6.151541709899902
6.285007476806641,3.9836535453796387
6.143571853637695,4.156281471252441
5.799064636230469,4.354799747467041
5.924602508544922,4.209807872772217
5.79146146774292,4.3866658210754395
5.758884429931641,4.039684772491455
5.806446552276611,4.254065990447998
5.883779048919678,3.5510871410369873
5.864172458648682,4.221432209014893
6.043209075927734,4.204356670379639
5.756748199462891,4.121273040771484
5.7993855476379395,7.696876525878906
5.9865007400512695,5.679183006286621
5.799666404724121,4.456361293792725
6.002255916595459,4.5692291259765625
5.807425498962402,4.323401927947998
5.881184101104736,4.170183181762695
5.806828022003174,4.530439853668213
5.798288345336914,5.464811325073242
6.035827159881592,4.352005958557129
8.187679290771484,4.641130447387695
6.090972900390625,4.371543884277344
5.828935146331787,3.845553159713745
5.749494552612305,4.418914794921875
5.904674530029297,4.053260803222656
6.107244968414307,4.9068145751953125
5.8398332595825195,5.914429187774658
5.843042850494385,4.314307689666748
6.0493855476379395,4.256032943725586
5.922959327697754,5.07602596282959
5.904541492462158,3.8789515495300293
5.63189697265625,4.029797554016113
5.851161003112793,4.258843898773193
5.862375736236572,5.604846000671387
5.907985210418701,3.8114728927612305
5.786104202270508,4.72641658782959
5.783608913421631,5.125887870788574
5.6498870849609375,3.842352867126465
5.808403968811035,5.627657413482666
5.8655595779418945,4.121481895446777
5.768185615539551,4.880710601806641
5.726263046264648,4.442710876464844
5.942641735076904,4.163000106811523
5.923730850219727,4.415224075317383
5.7504072189331055,4.320598125457764
5.7544026374816895,4.024313926696777
5.594420909881592,4.8287858963012695
5.933063983917236,4.594842910766602
5.824057102203369,4.516389846801758
5.838165760040283,4.41845178604126
5.78272008895874,4.830143928527832
5.732663154602051,4.213162422180176
5.630494594573975,4.583072185516357
5.509002685546875,4.12874174118042
5.8082427978515625,3.944797992706299
6.426583766937256,4.740971565246582
5.941769599914551,4.585330009460449
5.856493949890137,4.185920715332031
5.792700290679932,4.583590984344482
5.855480194091797,5.322127819061279
5.826494216918945,4.818817615509033
5.745418071746826,4.295449733734131
5.900066375732422,6.2559027671813965
5.633129596710205,4.066805362701416
5.828097820281982,4.351195812225342
5.632946014404297,4.2015061378479
6.114720344543457,4.034516334533691
5.818353176116943,4.654389381408691
5.595129489898682,4.948819637298584
5.676959037780762,4.347143650054932
5.777400970458984,4.191647529602051
5.774476528167725,4.1210432052612305
5.51170015335083,3.92201566696167
5.871612548828125,4.024993419647217
5.631914138793945,4.2551164627075195
5.850778102874756,4.082207202911377
5.755786418914795,5.600806713104248
5.7980499267578125,4.2294020652771
5.879391670227051,4.550278186798096
5.755116939544678,4.832009792327881
5.979678153991699,4.009950637817383
5.867157936096191,3.822161912918091
5.905806064605713,4.2256669998168945
5.6894426345825195,4.00299596786499
6.116321086883545,6.30598258972168
5.95014762878418,4.6653056144714355
5.814761638641357,4.382123947143555
5.752389907836914,4.066812038421631
5.634119033813477,4.588712692260742
5.643462181091309,4.041866302490234
5.592505931854248,3.897144317626953
5.7973432540893555,4.7692108154296875
5.597827911376953,3.995516061782837
5.835636615753174,4.187644004821777
5.582301139831543,4.291090488433838
5.652071952819824,4.829893112182617
5.674197196960449,4.766501426696777
5.519826412200928,4.267130374908447
5.631049633026123,5.095832824707031
5.890069484710693,4.249439716339111
5.848991394042969,4.249709129333496
5.61195707321167,3.881891965866089
5.608785152435303,4.210331439971924
6.00764274597168,4.0266828536987305
5.713385581970215,5.086599349975586
5.667967796325684,4.384286403656006
5.846434593200684,4.040543079376221
5.511071681976318,4.281405925750732
5.739003658294678,4.021491527557373
5.641385078430176,4.302055835723877
5.4792866706848145,4.388960361480713
5.527598857879639,3.972351312637329
5.649432182312012,4.634322643280029
5.623114109039307,5.904417037963867
5.785576820373535,4.971259117126465
5.489001750946045,4.098264694213867
5.634227752685547,4.973915100097656
5.603572845458984,4.269322395324707
5.520020008087158,4.339685440063477
5.867331027984619,4.103637218475342
5.643192291259766,4.651583194732666
5.832743167877197,4.367795467376709
5.937360763549805,4.073806285858154
5.926319122314453,4.446103096008301
5.730634689331055,5.524153232574463
5.603621959686279,4.692663192749023
5.701587200164795,4.330044269561768
5.369051933288574,3.800905227661133
5.462356090545654,4.382601261138916
5.497437000274658,6.415678024291992
5.809988498687744,4.053500652313232
5.527290344238281,5.270620346069336
5.611955642700195,4.207852363586426
6.19634485244751,4.755270957946777
5.652978420257568,4.011327266693115
5.385422706604004,3.9110918045043945
5.910820484161377,4.17318868637085
5.710994243621826,4.908446788787842
5.533950328826904,4.653162956237793
5.6618547439575195,5.132424354553223
5.5865583419799805,4.21246337890625
5.879124641418457,4.110332489013672
5.540335178375244,4.096484661102295
5.47538948059082,4.265284538269043
5.517166614532471,4.969682693481445
5.554825782775879,3.7525293827056885
5.680251121520996,4.690610408782959
5.629864692687988,4.9888715744018555
5.585686683654785,4.073044300079346
5.648076057434082,4.336389541625977
5.429922580718994,3.8836286067962646
5.566134929656982,4.72560977935791
6.681614875793457,4.047861576080322
5.832128524780273,3.898118495941162
5.652576923370361,3.9207794666290283
5.474940299987793,3.901604652404785
5.73265266418457,3.9187843799591064
5.499703407287598,4.853590488433838
5.7931294441223145,4.1024346351623535
5.4268903732299805,3.989727735519409
5.4197587966918945,4.866689682006836
5.327856063842773,4.9491963386535645
5.562433242797852,3.886364459991455
5.2651848793029785,4.004721164703369
5.664091110229492,4.217387676239014
5.405887603759766,6.038564682006836
5.704259872436523,4.323563098907471
5.500359535217285,4.534807205200195
5.9136152267456055,4.602734088897705
5.509714126586914,4.289923191070557
5.454089164733887,6.485687255859375
5.632191181182861,4.1172027587890625
5.244494438171387,4.403206825256348
5.478315830230713,4.551941871643066
5.467419624328613,4.026313304901123
5.514476299285889,3.971989393234253
5.454240322113037,4.207799911499023
5.409683704376221,4.7268829345703125
5.564017295837402,3.7162022590637207
5.607270240783691,4.6590657234191895
5.435489177703857,3.793419599533081
5.459620475769043,4.183396816253662
5.371679782867432,3.9911818504333496
5.810016632080078,4.07307243347168
5.430468559265137,4.114875793457031
5.441510200500488,4.086702823638916
5.566906452178955,4.38800573348999
5.408512115478516,3.7877371311187744
5.366909027099609,3.8018994331359863
5.451309680938721,3.9715044498443604
5.379144191741943,3.7784879207611084
5.298854827880859,4.092681884765625
5.395854949951172,3.899718999862671
5.742751121520996,3.7115771770477295
5.606118202209473,4.0642523765563965
5.372889041900635,4.005902290344238
5.8612565994262695,4.798226833343506
5.497533798217773,4.622219085693359
5.377370357513428,4.05739164352417
5.449421405792236,6.644150733947754
5.531857967376709,5.656940937042236
5.443087577819824,4.045163154602051
5.337839126586914,4.933182239532471
5.364383697509766,4.259220600128174
5.454955101013184,4.18516731262207
5.383094787597656,4.08512544631958
5.341884613037109,3.986956834793091
5.390754699707031,4.491859436035156
5.417487621307373,4.007640838623047
5.400620937347412,4.1888275146484375
5.429882049560547,3.8334741592407227
5.488319396972656,3.7785706520080566
5.371764659881592,4.519158363342285
5.626923084259033,3.8772029876708984
5.324544429779053,3.900756359100342
5.473636627197266,4.42473030090332
5.271209716796875,4.1497039794921875
5.359018325805664,4.351154804229736
5.417809009552002,3.8720204830169678
5.461973667144775,4.006326675415039
5.254082679748535,3.8469977378845215
5.363731861114502,4.448601245880127
5.360467433929443,4.892678737640381
5.340676784515381,3.9101991653442383
5.363521099090576,3.6983771324157715
5.426817893981934,4.044194221496582
5.356569290161133,4.130877494812012
5.618328094482422,4.471704006195068
5.19949197769165,4.750632286071777
5.405947685241699,3.790961503982544
5.6604695320129395,4.152505397796631
5.34332275390625,3.9114487171173096
5.262303829193115,4.100689888000488
5.436087608337402,4.35304069519043
5.435540676116943,3.978046417236328
5.417922019958496,3.7852110862731934
5.497226238250732,4.145972728729248
5.560500621795654,3.8539698123931885
5.500229835510254,3.943085193634033
5.611026287078857,4.187299728393555
5.405686855316162,4.699285507202148
5.497526168823242,4.5491180419921875
5.439615726470947,4.111917495727539
5.3786234855651855,4.827827453613281
5.474167823791504,4.1306843757629395
5.362405776977539,3.9509716033935547
5.381502628326416,4.966292858123779
5.310014247894287,4.13903284072876
5.285349369049072,3.7076590061187744
5.318344593048096,4.240302085876465
5.5756754875183105,4.948771953582764
5.4488749504089355,4.5181756019592285
5.447120666503906,5.124765872955322
5.4773359298706055,3.967844247817993
5.298872470855713,4.056911945343018
5.261233329772949,3.838062286376953
5.346344947814941,4.093590259552002
5.308865547180176,4.8317389488220215
5.256339073181152,3.635310411453247
5.304853916168213,4.0088605880737305
5.387453079223633,3.9634010791778564
5.261896133422852,3.9928932189941406
5.356115341186523,3.8489484786987305
5.4145636558532715,3.943366289138794
5.406266689300537,3.9560632705688477
5.338271617889404,4.661018371582031
5.260456085205078,3.629966974258423
5.32789945602417,4.017188549041748
5.327383518218994,3.8900768756866455
5.322364807128906,4.08884334564209
5.526097297668457,3.859356641769409
5.360335826873779,4.78530216217041
5.502836227416992,3.7736542224884033
5.1797380447387695,4.046340465545654
5.2652716636657715,4.5130133628845215
5.189873695373535,3.9165284633636475
5.497677803039551,4.414036750793457
5.143975734710693,3.8331525325775146
5.324689865112305,4.4847798347473145
5.473072528839111,4.581734657287598
5.324034690856934,3.9752655029296875
5.361625671386719,4.276373386383057
5.302946090698242,4.163387775421143
5.538309097290039,3.6301398277282715
5.247347831726074,4.357519626617432
5.2903313636779785,4.041907787322998
5.439083099365234,4.185354709625244
5.148396968841553,3.8194401264190674
5.293344974517822,3.833653211593628
6.300867080688477,5.672709941864014
5.3150153160095215,3.857046604156494
5.2471466064453125,3.9906532764434814
5.386797904968262,3.8819901943206787
5.232670783996582,4.4071197509765625
5.1882195472717285,3.784468173980713
5.194561004638672,4.3690972328186035
5.259373664855957,4.300108432769775
5.33844518661499,4.2763895988464355
5.182260036468506,4.2965569496154785
5.1473612785339355,4.102870941162109
5.546245098114014,4.17465877532959
5.11173677444458,4.258327960968018
5.349958896636963,3.7846903800964355
5.245460033416748,3.9732813835144043
5.37589168548584,4.100011348724365
5.1001739501953125,4.856274604797363
5.550905227661133,4.3190789222717285
5.253634452819824,3.908191204071045
5.292405605316162,3.782327175140381
5.251047611236572,3.9606947898864746
5.341951370239258,6.943188667297363
5.194120407104492,3.9480178356170654
5.261784076690674,3.878267526626587
5.457517147064209,3.6325948238372803
5.252657413482666,4.387887954711914
5.292408466339111,3.970808982849121
5.405660629272461,4.206879615783691
5.442596912384033,3.839735746383667
5.08756685256958,4.199865818023682
5.4066548347473145,4.756504058837891
5.420031547546387,4.228957653045654
5.401833534240723,4.634763717651367
5.348215103149414,3.9360198974609375
5.259136199951172,3.994292974472046
5.124022006988525,3.93802547454834
5.244614124298096,4.024930000305176
5.279557704925537,4.449822902679443
5.130935192108154,4.347711563110352
5.271640300750732,4.571174621582031
5.220497131347656,4.081932544708252
5.206611156463623,3.8109233379364014
5.28125,4.088547229766846
5.269621849060059,4.663729667663574
5.157311916351318,3.865346670150757
5.403313636779785,3.7876956462860107
5.403318405151367,4.768490314483643
5.216946601867676,3.7433676719665527
5.194552898406982,3.917024612426758
5.173542499542236,3.550476551055908
5.103180885314941,3.8391168117523193
5.1678338050842285,3.9114999771118164
5.133718490600586,3.6276886463165283
5.1260223388671875,4.229584217071533
5.173616409301758,3.6688191890716553
5.353662014007568,4.19410514831543
5.356508731842041,3.905365467071533
5.318789482116699,3.823334217071533
5.608343124389648,3.6753342151641846
5.174039840698242,3.8395683765411377
5.360270977020264,4.060591220855713
5.149343490600586,4.062777519226074
5.1083526611328125,3.627749443054199
5.207378387451172,3.7215380668640137
5.301716327667236,3.858863353729248
5.136396884918213,5.463805675506592
5.127664089202881,3.927868127822876
5.2331719398498535,5.241375923156738
5.165893077850342,3.5817759037017822
5.208243370056152,3.8599495887756348
5.072298526763916,3.7691924571990967
5.260954856872559,4.158459186553955
5.193465709686279,3.5663013458251953
5.2361297607421875,3.6465117931365967
5.0651092529296875,3.94492506980896
5.087958812713623,3.841222047805786
5.271542549133301,3.5001680850982666
5.019843578338623,4.527456760406494
5.073292255401611,3.5786197185516357
5.4017014503479,3.5376107692718506
5.1209716796875,3.571751594543457
5.200241565704346,3.787177801132202
5.139294624328613,3.9205408096313477
5.087054252624512,3.7813122272491455
5.2241621017456055,3.8974556922912598
5.0851664543151855,3.916665554046631
5.10621976852417,4.076822757720947
5.154307842254639,3.5372061729431152
5.164788722991943,4.06178092956543
5.114291667938232,4.020404815673828
4.879077911376953,3.652117967605591
5.142203330993652,3.603848457336426
5.148029804229736,3.7840416431427
5.379735946655273,4.316298484802246
5.10342264175415,3.9343066215515137
5.006969451904297,3.752906560897827
5.13371467590332,4.345433235168457
5.2899627685546875,4.527166366577148
4.970071315765381,3.9874889850616455
5.649468898773193,4.286860466003418
5.29278039932251,4.3294854164123535
5.098446369171143,3.7764761447906494
5.444839000701904,3.8954427242279053
4.996450424194336,4.112449645996094
5.204460144042969,3.9240901470184326
5.239716053009033,3.680342197418213
5.271481990814209,4.511407852172852
4.981817722320557,3.985441207885742
5.036311149597168,3.613915205001831
5.085775375366211,3.7283356189727783
4.969104766845703,4.785604000091553
5.188201427459717,5.4913740158081055
5.149638652801514,5.313933849334717
4.949434280395508,3.7054970264434814
4.940865516662598,3.7225589752197266
4.878242015838623,4.209714412689209
5.082897663116455,3.967255115509033
5.358295440673828,4.341632843017578
5.086575508117676,4.081692695617676
5.014097690582275,3.9454848766326904
5.075218677520752,3.560739517211914
5.024457931518555,4.194882392883301
5.002431869506836,4.264843940734863
5.080201625823975,5.955263137817383
4.936295986175537,4.99432373046875
5.14520788192749,3.7076563835144043
5.119579315185547,3.695769786834717
5.2398810386657715,4.56542444229126
5.179838180541992,3.8879942893981934
4.949014186859131,4.992044925689697
5.065896034240723,3.724092721939087
5.347347736358643,5.2632012367248535
5.904443264007568,4.562600135803223
5.175632953643799,3.8296563625335693
5.070613384246826,3.6326217651367188
5.02902364730835,3.9105207920074463
5.068085193634033,4.075769901275635
5.053847312927246,4.051211357116699
4.867987155914307,3.6090002059936523
5.220568656921387,3.3844268321990967
5.01589298248291,3.7945828437805176
4.761584758758545,3.7308013439178467
4.9468092918396,4.223672866821289
4.986537933349609,3.739985704421997
5.209558486938477,3.8273627758026123
4.856541633605957,4.304040908813477
5.033928871154785,3.70631742477417
5.060863971710205,3.6712849140167236
5.107550144195557,4.061326503753662
5.064926624298096,3.96972393989563
5.042818546295166,3.5145702362060547
4.890333652496338,3.712482213973999
4.94962215423584,3.6803247928619385
4.997406482696533,3.6692593097686768
4.954314231872559,3.69787335395813
4.953496932983398,4.411296844482422
4.933219909667969,3.8211684226989746
5.123402118682861,4.091620922088623
4.991477966308594,3.8518600463867188
5.055159568786621,3.4890334606170654
5.110730171203613,3.634303569793701
5.051769733428955,4.686317443847656
5.152811527252197,3.6313111782073975
4.879950046539307,3.7493624687194824
5.111300468444824,4.199132919311523
5.268977642059326,3.7102468013763428
5.16072940826416,3.7278342247009277
5.011132717132568,3.6602985858917236
4.967273235321045,4.416696548461914
4.990178108215332,3.7288637161254883
4.9164509773254395,3.7046093940734863
5.0266923904418945,3.572134017944336
5.043509006500244,3.620388984680176
4.780076503753662,4.315356254577637
5.1447834968566895,4.557397842407227
4.872193813323975,3.881553888320923
4.8578619956970215,3.7135708332061768
5.266383647918701,3.7304201126098633
5.049610137939453,3.583965301513672
5.083220481872559,3.9273784160614014
5.022825717926025,4.110013961791992
4.83812952041626,3.8681421279907227
4.860294342041016,4.302590370178223
4.986331939697266,3.971796751022339
4.92359733581543,5.2345781326293945
5.115481376647949,3.5862228870391846
4.889433860778809,4.088412761688232
4.979605674743652,3.98730206489563
4.891670227050781,7.020133018493652
4.962357997894287,3.5885608196258545
5.015389442443848,3.9349334239959717
5.765435218811035,5.4342851638793945
4.829113960266113,3.6079092025756836
5.017029762268066,3.5610737800598145
5.128856658935547,3.4049758911132812
4.974158763885498,3.7515511512756348
5.196852207183838,4.040197849273682
4.937161922454834,3.460381031036377
5.124572277069092,3.7996633052825928
5.101696968078613,3.983510732650757
4.933093070983887,3.6900746822357178
4.752684593200684,3.742835283279419
5.065011024475098,3.6398675441741943
5.012587547302246,3.9264144897460938
4.970818519592285,3.7864115238189697
4.945934295654297,3.7201969623565674
4.874043941497803,3.400847911834717
4.984514236450195,3.8194239139556885
4.96959114074707,4.043392181396484
4.939103126525879,3.7189033031463623
4.783870697021484,3.7784957885742188
4.885585308074951,3.6858675479888916
5.336639404296875,3.7212352752685547
4.872092247009277,4.066452980041504
4.912600040435791,3.9686551094055176
4.9600701332092285,3.6018340587615967
4.910071849822998,4.094045639038086
4.886049747467041,4.656870365142822
4.916684627532959,4.286255836486816
4.990633010864258,3.6592931747436523
4.973039150238037,3.950127124786377
5.1170573234558105,3.411627769470215
4.843907356262207,3.8487296104431152
4.889501094818115,3.699780225753784
4.970677375793457,3.743706226348877
4.975908279418945,4.044281005859375
4.883667945861816,3.498976945877075
4.80483341217041,3.8985674381256104
5.023410797119141,3.604465961456299
4.967757701873779,3.6282243728637695
4.841641426086426,3.769773483276367
4.975796699523926,4.320712089538574
5.0015716552734375,3.758242130279541
4.815711975097656,3.8018105030059814
4.940802574157715,3.6172640323638916
4.866172790527344,3.582263231277466
5.00343656539917,3.5026183128356934
4.896605014801025,3.6405210494995117
4.985742568969727,3.5891056060791016
4.928633213043213,4.008923053741455
4.958484649658203,3.681150436401367
4.834982395172119,4.581596851348877
5.139366149902344,3.6632065773010254
4.826904773712158,6.25581693649292
4.833428859710693,3.3597829341888428
4.874429225921631,3.8197181224823
5.0033369064331055,3.7511956691741943
4.750185966491699,3.8805062770843506
4.918739318847656,3.950716018676758
4.957813739776611,3.3108816146850586
4.761416435241699,3.502605676651001
4.920734882354736,3.7390711307525635
4.915909290313721,3.613009214401245
4.954209804534912,4.055312156677246
4.732717514038086,3.984746217727661
4.721365451812744,3.402641773223877
4.842947959899902,3.3929967880249023
4.934537887573242,3.4404561519622803
4.8425374031066895,3.574617624282837
4.957043647766113,3.7923824787139893
4.876181125640869,3.449357032775879
4.872279167175293,3.5709638595581055
4.7810587882995605,3.6809513568878174
4.819786548614502,3.571216583251953
4.759189128875732,3.72967791557312
4.875363826751709,4.482356548309326
4.848996639251709,3.824902296066284
4.824509143829346,3.4302217960357666
4.783420085906982,4.080953598022461
4.86818790435791,3.992567539215088
4.966670036315918,3.741530179977417
4.811868190765381,4.151060581207275
4.979432582855225,3.7476396560668945
4.88751745223999,3.578382730484009
4.83001184463501,3.9944188594818115
4.888415336608887,4.249053001403809
5.1927900314331055,3.9180822372436523
4.968348026275635,3.5579895973205566
4.828206539154053,3.4806318283081055
4.887287139892578,3.5259768962860107
4.868163108825684,3.718109130859375
4.820948123931885,3.480283498764038
4.768908500671387,3.3661704063415527
4.834993839263916,3.5591185092926025
4.807819366455078,3.685000419616699
4.8627800941467285,3.403927803039551
4.760025978088379,3.4839532375335693
4.8314619064331055,3.5940306186676025
4.791016101837158,3.6299448013305664
4.81614351272583,3.465421438217163
4.7554450035095215,3.5018084049224854
4.739532470703125,3.543227434158325
4.829604625701904,3.7341763973236084
4.7618021965026855,3.4884791374206543
4.621967315673828,4.14504861831665
4.946953773498535,4.046505928039551
4.852819442749023,3.5037572383880615
4.738348007202148,3.4805338382720947
4.791250705718994,3.4095678329467773
4.923191547393799,3.7850048542022705
4.787271499633789,3.484384536743164
4.976685047149658,4.779027462005615
4.589889049530029,3.647038698196411
4.764433860778809,4.565907955169678
4.721746444702148,3.5722692012786865
4.778687000274658,3.575936794281006
4.767258644104004,3.5214269161224365
4.814883708953857,3.988579273223877
4.814085483551025,5.093206882476807
4.904792308807373,3.501711368560791
4.669823169708252,3.7115674018859863
4.6919989585876465,3.8166868686676025
4.686028480529785,3.556283473968506
4.988006591796875,3.608863592147827
4.772317886352539,3.6517868041992188
4.772132396697998,3.8002145290374756
4.887073993682861,3.749034881591797
4.632660865783691,3.5743212699890137
4.88731050491333,4.460139274597168
4.7581257820129395,3.9592552185058594
4.897940158843994,3.3270626068115234
4.985475540161133,4.7199811935424805
4.765575885772705,3.4664721488952637
4.564391613006592,3.4525253772735596
4.71458101272583,4.361042022705078
4.7866692543029785,3.853152275085449
4.860454559326172,3.7350213527679443
4.675590515136719,4.018065452575684
4.687622547149658,3.4620401859283447
4.6070075035095215,3.603670358657837
4.708889007568359,3.6193368434906006
4.762275218963623,3.3601877689361572
4.575651168823242,3.8241167068481445
4.653651714324951,4.427277565002441
4.758732795715332,6.122124195098877
4.751286029815674,3.6802473068237305
4.803344249725342,3.97513747215271
4.8459553718566895,3.797692060470581
4.771768093109131,3.9287002086639404
4.682164192199707,3.5272574424743652
4.750129699707031,4.313500881195068
4.859220504760742,3.547254800796509
4.793962001800537,4.116877555847168
4.937013149261475,4.385887145996094
5.2511138916015625,3.5103790760040283
4.955896854400635,3.6004388332366943
4.6672749519348145,3.399685859680176
4.7348527908325195,4.3014631271362305
4.715523719787598,3.383561134338379
4.769177436828613,3.4218032360076904
4.76427698135376,3.578746795654297
4.723378658294678,6.026446342468262
4.851365566253662,3.435602903366089
4.5494256019592285,3.793200969696045
4.749671459197998,3.5107245445251465
4.729372978210449,3.7664389610290527
4.787237644195557,3.299539804458618
4.698977470397949,3.4488987922668457
4.8068928718566895,3.3777670860290527
4.641042232513428,4.048404693603516
4.691318511962891,3.6559267044067383
4.772485256195068,3.458512306213379
5.336175441741943,3.640627384185791
4.827732563018799,3.6168324947357178
4.713644504547119,3.406869649887085
4.696419715881348,3.325669288635254
4.627822399139404,4.002496242523193
4.803075313568115,3.728724718093872
4.805187225341797,3.310636281967163
4.655980110168457,3.5802791118621826
4.661911964416504,4.075471878051758
4.793385028839111,3.508223056793213
4.737635612487793,3.919382095336914
4.587631702423096,3.2057032585144043
4.855044841766357,3.625570058822632
4.596147537231445,3.3586249351501465
4.713390350341797,3.407158851623535
4.61195182800293,3.503171682357788
4.697113990783691,3.3793587684631348
4.696363925933838,3.6181862354278564
4.581525802612305,3.5508155822753906
4.798900604248047,3.4077391624450684
4.733606815338135,3.4240546226501465
4.6271843910217285,3.7284340858459473
5.216088771820068,3.6264240741729736
4.8341474533081055,5.173856735229492
4.692342758178711,3.7526040077209473
4.704023361206055,3.692333221435547
4.811389446258545,4.145289897918701
4.6753387451171875,3.635007858276367
4.840720176696777,3.8116376399993896
4.864027976989746,5.209625720977783
4.951901912689209,3.5868871212005615
4.689741134643555,4.364370346069336
4.745762348175049,3.7083981037139893
4.780141830444336,5.680906772613525
4.81743860244751,4.030294895172119
4.687428951263428,3.9664719104766846
4.664771556854248,3.3497769832611084
4.592529773712158,3.609362840652466
4.810235977172852,3.444213390350342
4.654934883117676,3.9593212604522705
4.768947124481201,3.8655591011047363
4.712717056274414,3.4305765628814697
4.852471351623535,3.815051794052124
4.708818435668945,3.7332091331481934
4.713351726531982,3.259722948074341
5.211910724639893,3.7100648880004883
4.75996732711792,4.522994518280029
4.718203544616699,3.5483510494232178
4.641285419464111,3.863765239715576
4.771979331970215,3.5330066680908203
4.678948402404785,3.2563819885253906
4.6461710929870605,3.3497190475463867
4.707974433898926,4.1607985496521
4.715767860412598,3.299677610397339
4.743940353393555,3.6389856338500977
4.640539646148682,3.365675449371338
4.580169677734375,4.3165059089660645
4.598519802093506,3.5204384326934814
4.788460731506348,3.579301357269287
4.744009971618652,4.024675369262695
4.782271862030029,4.303171157836914
4.71091365814209,4.083804607391357
4.7193989753723145,3.2764978408813477
4.641777038574219,3.5766284465789795
4.7642951011657715,3.6080515384674072
4.612489700317383,3.709094524383545
4.6582818031311035,3.5978283882141113
4.618223190307617,3.4115493297576904
4.5613298416137695,3.591564178466797
4.58807373046875,3.6324610710144043
4.745720863342285,3.4453203678131104
4.746759414672852,3.4936366081237793
4.604485511779785,3.7043545246124268
4.616122245788574,3.5309603214263916
4.912128448486328,3.795546054840088
4.803960800170898,3.6569554805755615
4.6053924560546875,4.708989143371582
5.319084644317627,3.8938050270080566
4.727863311767578,3.874624490737915
4.7409210205078125,3.179060697555542
4.6914520263671875,3.5800483226776123
5.357419967651367,3.570012331008911
4.771533012390137,4.8800530433654785
4.8270392417907715,3.3780620098114014
4.513017177581787,3.743351697921753
4.730942249298096,3.5158724784851074
4.631518840789795,3.552764892578125
4.71204137802124,3.485403060913086
5.160706520080566,3.724163055419922
4.624526500701904,3.578752279281616
4.713179588317871,3.795443296432495
4.448861122131348,3.7107791900634766
4.821130752563477,3.24143648147583
4.680659294128418,3.945963144302368
4.489136219024658,3.4753968715667725
4.718125820159912,3.687680959701538
4.857356071472168,3.4348292350769043
4.61581563949585,3.225926160812378
4.683298587799072,3.4305989742279053
4.899993419647217,3.346766948699951
4.5240478515625,3.5892174243927
4.806243896484375,3.550541400909424
4.620776176452637,3.631352186203003
4.742663860321045,4.346652507781982
4.511186122894287,3.457054376602173
4.543765068054199,3.8350577354431152
4.663822650909424,3.915937900543213
4.620630741119385,3.477428674697876
4.546797752380371,4.075944423675537
4.515350818634033,3.549237012863159
4.5561676025390625,3.53739333152771
4.755170822143555,4.298680782318115
4.6512017250061035,3.2408339977264404
4.603135108947754,4.531077861785889
4.704164505004883,3.5772883892059326
4.609866142272949,3.328822374343872
4.426004409790039,3.593611478805542
4.863725662231445,3.5344350337982178
4.581197261810303,3.5949034690856934
4.550404071807861,3.3787198066711426
4.461976528167725,3.3897950649261475
4.525548934936523,4.417465686798096
4.622468948364258,3.317209005355835
4.765424728393555,3.483778715133667
4.55233907699585,3.7844858169555664
4.636838436126709,3.733086109161377
4.512994289398193,3.5463759899139404
4.585762977600098,3.468956232070923
4.979794025421143,3.392157554626465
4.738922119140625,3.874251127243042
4.673039436340332,3.1694865226745605
4.688024997711182,3.3748931884765625
4.5088791847229,3.546612024307251
4.632602691650391,3.599097490310669
4.674139499664307,3.802921772003174
4.571434020996094,3.5815682411193848
4.584992408752441,3.6606104373931885
4.539919853210449,3.874704360961914
4.7137322425842285,3.9038310050964355
4.564319610595703,3.190629482269287
4.542821884155273,3.7262237071990967
4.544139385223389,3.355625629425049
4.768086910247803,3.610623598098755
4.497490406036377,3.260629177093506
4.639991283416748,3.9223668575286865
4.68412971496582,3.4137704372406006
4.491109371185303,3.4269490242004395
4.534037113189697,3.4876413345336914
4.681387901306152,3.894829273223877
4.531472206115723,3.298999309539795
4.6845808029174805,3.3830156326293945
4.674646854400635,3.935340404510498
4.554940223693848,3.8446617126464844
4.71398401260376,4.133504867553711
4.606302261352539,3.3751206398010254
4.529590129852295,4.439538478851318
4.606083393096924,3.6863973140716553
4.606592655181885,3.5091261863708496
4.531840801239014,3.3640036582946777
4.488785743713379,3.698204755783081
4.745466232299805,3.65877628326416
4.408717155456543,3.4623208045959473
4.439669132232666,3.465275287628174
4.5414862632751465,3.2639667987823486
4.530791759490967,3.777554512023926
4.565474987030029,3.2846503257751465
4.604702472686768,3.8157918453216553
4.498323917388916,3.462451219558716
4.508829116821289,3.3430323600769043
4.541823863983154,3.807508707046509
4.593373775482178,4.476391792297363
4.526711940765381,3.209645986557007
4.47149658203125,3.1517693996429443
4.627645015716553,3.6069390773773193
4.496047019958496,3.601313591003418
4.549553394317627,4.403009414672852
4.50789737701416,4.057085037231445
4.563114166259766,3.2884626388549805
4.722585201263428,3.5157077312469482
4.504730224609375,3.548750400543213
4.560682773590088,3.590254783630371
4.684602737426758,3.678171157836914
4.617777347564697,3.202333927154541
4.563028812408447,3.3270623683929443
4.516003608703613,3.746821641921997
4.530080318450928,3.9078516960144043
4.602060317993164,4.1360602378845215
4.477010726928711,3.402377128601074
4.538575649261475,3.308105230331421
4.629258155822754,3.393272876739502
4.554840564727783,3.946521282196045
4.5744171142578125,3.3857712745666504
4.623437881469727,4.160455226898193
4.679644584655762,3.4114277362823486
4.487420558929443,4.093983173370361
4.480830192565918,3.3620800971984863
4.435716152191162,3.3408195972442627
4.543580055236816,3.27874755859375
4.491404056549072,3.3298768997192383
4.4798808097839355,3.383185863494873
4.511617660522461,3.4697935581207275
4.504644393920898,3.3367979526519775
5.021053791046143,3.547584295272827
4.698685169219971,3.869962692260742
4.448968410491943,3.6681013107299805
4.408669948577881,3.5577807426452637
4.707113742828369,4.241677761077881
4.637369155883789,3.414837598800659
4.5567145347595215,3.411712884902954
4.608905792236328,3.7639389038085938
4.613227367401123,5.335248947143555
4.647701263427734,3.2461740970611572
4.401087284088135,3.613861560821533
4.382747173309326,3.213798761367798
4.544504165649414,3.8065195083618164
4.517919540405273,3.4042341709136963
4.616806507110596,3.4782769680023193
4.38516092300415,3.3741049766540527
4.491000175476074,3.401493549346924
4.714352607727051,3.564528226852417
4.564723491668701,3.3962810039520264
4.341259956359863,3.9453821182250977
4.600031852722168,3.6163833141326904
4.591936111450195,3.3112380504608154
4.657385349273682,3.5400712490081787
4.517446041107178,3.59236216545105
4.667398929595947,3.4628031253814697
4.493213653564453,3.4080514907836914
4.638443946838379,5.50255012512207
4.471259593963623,3.843900442123413
4.824308395385742,3.568847894668579
4.407124996185303,3.5031049251556396
4.386291027069092,3.4049620628356934
4.854347229003906,3.505422830581665
4.563177108764648,3.454422950744629
4.577907562255859,3.6581931114196777
4.590211391448975,3.3071584701538086
4.654033660888672,3.3944263458251953
4.558037757873535,3.314945936203003
4.363951206207275,3.5511300563812256
4.467884540557861,3.9841229915618896
4.606318950653076,3.4975905418395996
4.526532173156738,3.311878204345703
4.563640594482422,3.3553237915039062
4.548141002655029,3.3742144107818604
4.4702348709106445,4.722439765930176
4.6305975914001465,3.243347406387329
4.626352310180664,4.239105224609375
4.471344470977783,3.680129051208496
4.499302387237549,3.942549705505371
4.516788959503174,3.777398109436035
4.5044779777526855,3.8612864017486572
4.5427632331848145,3.354703426361084
4.494706153869629,3.675262451171875
4.561304569244385,3.293976068496704
4.427938461303711,3.5619447231292725
4.430443286895752,3.4193365573883057
4.551056861877441,3.243669271469116
4.488953113555908,3.6764752864837646
4.712759971618652,3.3203608989715576
4.678821086883545,3.3252758979797363
4.461560249328613,4.160792350769043
4.448701858520508,3.5281612873077393
4.359187126159668,3.237511396408081
4.40599250793457,3.3727941513061523
4.5132598876953125,3.4705140590667725
4.507613182067871,3.2347571849823
4.682133197784424,3.3491501808166504
4.476175308227539,3.3096697330474854
4.50147819519043,3.8066885471343994
4.946665287017822,3.308575391769409
4.356634140014648,3.2666268348693848
4.272782325744629,3.7119839191436768
4.441408634185791,3.3046746253967285
4.501762866973877,3.587491989135742
4.558048248291016,3.516266107559204
4.350418567657471,3.4092607498168945
4.314728260040283,3.8605175018310547
4.49130392074585,3.454082489013672
4.374385833740234,5.276309967041016
4.4832611083984375,3.2509565353393555
4.682958126068115,3.5124921798706055
4.441623687744141,3.2378711700439453
4.33598518371582,3.453136920928955
4.376376152038574,3.6130478382110596
4.6497063636779785,3.382188081741333
4.615581035614014,3.457242965698242
4.26902961730957,3.7296338081359863
4.577553749084473,3.3429017066955566
4.454962730407715,3.58296799659729
4.454131603240967,3.7047619819641113
4.291226863861084,3.3375084400177
4.517102241516113,3.7139389514923096
4.40795373916626,3.2622387409210205
4.419644355773926,3.483149528503418
4.366852760314941,3.6680004596710205
4.337068557739258,3.260979413986206
4.531099796295166,3.5989770889282227
4.550844669342041,3.4443295001983643
4.530754089355469,3.579413890838623
4.394713878631592,3.25649094581604
4.413300037384033,3.404886484146118
4.490666389465332,3.3809077739715576
4.572386264801025,3.266307830810547
4.576748371124268,3.8740744590759277
4.59414529800415,3.5432701110839844
4.43790340423584,3.645806312561035
4.386961936950684,3.2075202465057373
4.389938831329346,3.4641237258911133
4.48504638671875,3.219780683517456
4.411464214324951,3.284787178039551
4.430789947509766,3.4690053462982178
4.417481422424316,3.823777914047241
4.404392242431641,3.4024181365966797
4.5217485427856445,3.3348770141601562
4.479276180267334,3.3052101135253906
4.483757495880127,4.038174152374268
4.36743688583374,3.3535611629486084
4.3917036056518555,3.941416025161743
4.281223773956299,3.65928053855896
4.480352401733398,3.3250222206115723
4.513720512390137,3.80135440826416
4.387796401977539,3.347294330596924
4.410756587982178,4.031503677368164
4.453155040740967,3.4056432247161865
4.306438446044922,3.2537970542907715
4.423683166503906,3.3435728549957275
4.340797424316406,3.1248953342437744
4.37517786026001,4.2897419929504395
4.411510467529297,3.3856914043426514
4.545070648193359,3.329751968383789
4.51518440246582,3.414252758026123
4.52587366104126,3.7139556407928467
4.628548622131348,4.030925750732422
4.344114780426025,3.41475772857666
4.417360782623291,3.3159468173980713
4.33509635925293,3.192594051361084
4.6649298667907715,3.736194133758545
4.435929775238037,3.58223819732666
4.443589210510254,3.357165575027466
4.384933948516846,3.335345506668091
4.426217079162598,3.793872833251953
4.412015914916992,4.0753092765808105
4.455798625946045,3.476654291152954
4.3831787109375,3.6864116191864014
4.565715789794922,3.2976419925689697
4.384765625,3.65824031829834
4.400795936584473,3.1454579830169678
4.513034343719482,4.053915977478027
4.665494441986084,3.2940568923950195
4.467217445373535,4.6990580558776855
4.576870441436768,3.4406816959381104
4.338436603546143,3.278817653656006
4.499872207641602,3.380953311920166
4.696605682373047,3.411916971206665
4.2805280685424805,3.498661518096924
4.494513511657715,4.698783874511719
4.373147010803223,3.428030252456665
4.498513698577881,3.8725626468658447
4.45856237411499,3.245945930480957
4.468038082122803,3.495979070663452
4.660748481750488,3.6303067207336426
4.373020648956299,3.7801239490509033
4.500716686248779,3.625248908996582
4.419607639312744,3.260838508605957
4.51668643951416,3.541944980621338
4.449057102203369,3.314730167388916
4.372956275939941,3.6459708213806152
4.481757640838623,3.819044589996338
4.5216522216796875,4.023012638092041
4.4727606773376465,3.358318567276001
4.40371036529541,3.493926525115967
4.410042762756348,3.4609274864196777
4.465432167053223,4.115002632141113
4.408720016479492,3.2119271755218506
4.378590106964111,3.5616066455841064
4.265315532684326,3.2318367958068848
4.44882869720459,3.500502586364746
4.3728108406066895,3.588550567626953
4.641305923461914,3.683960437774658
4.431921482086182,3.4176881313323975
4.727621555328369,3.543835163116455
4.282259464263916,4.190218925476074
4.542962551116943,3.6289095878601074
4.405490875244141,3.448782444000244
4.313394069671631,3.6118392944335938
4.423368453979492,3.9946532249450684
4.313446998596191,3.383699655532837
4.380240440368652,3.743297815322876
4.430710792541504,3.2541446685791016
4.404541969299316,3.4021782875061035
4.404323577880859,3.7582976818084717
4.383075714111328,3.2736597061157227
4.5644145011901855,3.239900827407837
4.272982597351074,3.249241352081299
4.309922695159912,3.8804118633270264
4.332622528076172,4.12846565246582
4.424826622009277,3.6034584045410156
5.05519962310791,4.3349127769470215
4.525089263916016,3.4463858604431152
4.437241554260254,3.6301565170288086
4.5299763679504395,3.4470107555389404
4.424568176269531,4.074839115142822
4.299520969390869,3.3909013271331787
4.376941680908203,3.6247668266296387
4.342019081115723,3.356485366821289
4.424234390258789,3.1158409118652344
4.196582317352295,3.8752553462982178
4.519632816314697,3.346007823944092
4.3863844871521,3.5466229915618896
4.296741962432861,3.8770129680633545
4.435168266296387,3.622208595275879
4.360562324523926,3.342029094696045
4.370251178741455,3.6005358695983887
4.436877250671387,3.4435677528381348
4.349592208862305,3.6142544746398926
4.617454528808594,3.4752674102783203
4.361844062805176,3.2952311038970947
4.3022050857543945,3.44538950920105
4.303491592407227,3.3508012294769287
4.37417459487915,3.41107439994812
4.372114658355713,3.392306327819824
4.315263748168945,3.644312620162964
4.439424514770508,3.374202013015747
4.432775497436523,3.3411359786987305
4.251646995544434,3.3894660472869873
4.420103549957275,3.2491955757141113
4.400491237640381,3.5789506435394287
4.363558292388916,4.374735355377197
4.447899341583252,3.662959098815918
4.328598976135254,3.7048230171203613
4.174178123474121,3.2850167751312256
4.26315450668335,3.137577533721924
4.259521961212158,3.313955307006836
4.397796630859375,4.188352108001709
4.405860900878906,3.734078884124756
4.2989888191223145,3.391336679458618
4.3368096351623535,3.303908586502075
4.255549430847168,3.1418821811676025
4.264712810516357,3.4464662075042725
4.359925270080566,3.1518633365631104
4.424998760223389,4.415714740753174
4.3083295822143555,2.9792799949645996
4.370026588439941,3.1636757850646973
4.322144031524658,3.191854476928711
4.43433952331543,3.2761144638061523
4.334005355834961,3.2362308502197266
4.401900768280029,3.279315233230591
4.3652167320251465,3.602815628051758
4.253629684448242,3.1406092643737793
4.276212692260742,3.462333917617798
4.277772426605225,3.3631606101989746
4.302584648132324,3.537134885787964
4.3071160316467285,3.4405946731567383
4.467939853668213,3.2656428813934326
4.370389938354492,4.094812393188477
4.32279109954834,3.4314775466918945
4.30817174911499,3.2077231407165527
4.312374114990234,3.2324628829956055
4.360287666320801,3.6871562004089355
4.361757278442383,3.509141206741333
4.340478420257568,3.2009921073913574
4.332106113433838,3.2364180088043213
4.183729648590088,3.210960865020752
4.341000080108643,3.7438125610351562
4.305186748504639,3.392838478088379
5.102981090545654,4.050143718719482
4.453838348388672,3.319242238998413
4.356274604797363,3.153959035873413
4.330924987792969,3.79111385345459
4.341303825378418,3.191715955734253
4.2959136962890625,3.3449454307556152
4.3699140548706055,3.698967218399048
4.319202899932861,4.414195537567139
4.307263374328613,3.5840537548065186
4.601194858551025,3.501124620437622
4.420368671417236,3.3235080242156982
4.399385929107666,3.371124267578125
4.251770496368408,3.4853265285491943
4.315062046051025,3.4144625663757324
4.336634635925293,3.696533441543579
4.259644985198975,3.1957132816314697
4.167526721954346,3.132633924484253
4.229975700378418,3.507936954498291
4.365910530090332,3.2086408138275146
4.299596309661865,3.2402942180633545
4.172791004180908,3.1943109035491943
4.234059810638428,3.319504737854004
4.233243465423584,3.218519449234009
4.362861156463623,3.3336305618286133
4.292953014373779,4.308668613433838
4.299984931945801,3.9368174076080322
4.2532806396484375,3.3915345668792725
4.200870037078857,5.252006530761719
4.269265651702881,3.8788321018218994
4.223683834075928,3.389399528503418
4.212603569030762,3.3534016609191895
4.34778356552124,3.3566930294036865
4.154707431793213,3.4045445919036865
4.424524307250977,3.538806438446045
4.322778701782227,3.205205202102661
4.315592288970947,3.2074544429779053
4.403999328613281,3.582775115966797
4.422216415405273,3.110323905944824
4.342799663543701,3.575956344604492
4.2845778465271,3.370816230773926
4.262238025665283,3.983870267868042
4.211655616760254,3.23527193069458
4.487228870391846,3.0965776443481445
4.177584171295166,3.8669629096984863
4.44203519821167,3.308602809906006
4.2574591636657715,3.2423014640808105
4.315852642059326,3.6291069984436035
4.356934070587158,3.551948070526123
4.255428314208984,3.624401569366455
4.268644332885742,4.010960578918457
4.270185470581055,3.377769708633423
4.337862014770508,3.6669492721557617
4.185730457305908,3.1513328552246094
4.214946746826172,3.5921130180358887
4.352097511291504,3.334689140319824
4.298052787780762,3.0755255222320557
4.149844646453857,3.8386752605438232
4.318751811981201,3.1603360176086426
4.336291313171387,3.340268135070801
4.282473087310791,3.226203441619873
4.212551593780518,3.253615379333496
4.326695919036865,3.8898749351501465
4.420191287994385,3.5661377906799316
4.352386951446533,3.2701594829559326
4.274893283843994,4.019130706787109
4.341856002807617,3.2223072052001953
4.4890923500061035,3.671962022781372
4.33006477355957,3.205838918685913
4.176616191864014,3.248689889907837
4.267266273498535,3.29988956451416
4.2720770835876465,3.148395299911499
4.22172737121582,3.2491769790649414
4.334231853485107,3.500459909439087
4.275517463684082,3.8895556926727295
4.379812240600586,3.983407497406006
4.340083122253418,3.4520370960235596
4.261350154876709,3.0939629077911377
4.206448554992676,3.187899112701416
4.257204055786133,3.4116342067718506
4.2949910163879395,3.5569441318511963
4.108880519866943,3.2449893951416016
4.193828582763672,3.244969129562378
4.267884254455566,3.1310980319976807
4.226863384246826,3.7853639125823975
4.399935245513916,3.6008353233337402
4.455958843231201,3.501286745071411
4.280242919921875,3.270695209503174
4.1214704513549805,3.091836929321289
4.326478004455566,3.2078468799591064
4.362945079803467,3.477848768234253
4.278164386749268,3.2281908988952637
4.218329906463623,3.722057819366455
4.194962501525879,3.146556854248047
4.243814468383789,3.1579911708831787
4.288630962371826,3.4430148601531982
4.112704277038574,3.4115047454833984
4.258500099182129,3.915712594985962
4.106537342071533,3.6943371295928955
4.138911247253418,3.5260720252990723
4.322620391845703,3.2912850379943848
4.343603134155273,3.275603771209717
4.269968032836914,3.50382137298584
4.262359142303467,3.3069088459014893
4.174126148223877,3.364690065383911
4.230592250823975,3.8499112129211426
4.389585971832275,3.3601763248443604
4.3096747398376465,3.3018581867218018
4.246307373046875,3.37929105758667
4.2069993019104,2.9668920040130615
4.157989978790283,3.2119393348693848
4.198997497558594,3.1183829307556152
4.243080139160156,3.4610068798065186
4.264700889587402,3.9949357509613037
4.495910167694092,3.399540901184082
4.277783393859863,3.402794122695923
4.234784126281738,3.2384395599365234
4.201983451843262,3.112043857574463
4.243870735168457,3.474498987197876
4.172041893005371,3.3104984760284424
4.286925315856934,3.4952239990234375
4.396368503570557,3.212070941925049
4.289558410644531,3.237393856048584
4.291261196136475,3.540468454360962
4.250850200653076,3.375802755355835
4.12210750579834,3.2977445125579834
4.193252086639404,3.297119379043579
4.3366899490356445,3.2470147609710693
4.117527484893799,3.2134625911712646
4.185108184814453,3.2550010681152344
4.2540283203125,3.2798635959625244
4.345141887664795,3.269474983215332
4.248638153076172,3.5284955501556396
4.169479846954346,3.244739532470703
4.221322059631348,3.7010040283203125
4.2020263671875,3.899202346801758
4.1956377029418945,3.3602397441864014
6.015884876251221,4.578433513641357
4.687570095062256,3.8749799728393555
4.240496635437012,3.3823764324188232
4.180196762084961,3.1449179649353027
4.277949333190918,3.3877415657043457
4.194013595581055,3.097658157348633
4.21392297744751,3.6975650787353516
4.278563976287842,3.188149929046631
4.156834602355957,3.199580669403076
4.164866924285889,3.5265538692474365
4.235319137573242,3.25164532661438
4.2331647872924805,3.419005870819092
4.228821277618408,3.433364152908325
4.1506428718566895,3.3230230808258057
4.279918193817139,3.1439642906188965
4.219046115875244,3.1321663856506348
4.309506416320801,4.078193664550781
4.342450141906738,3.7754251956939697
4.288634777069092,3.585941791534424
4.1583027839660645,3.9188880920410156
4.156029224395752,3.442913770675659
4.161077976226807,3.4245076179504395
4.130481243133545,3.4937992095947266
4.13568639755249,3.3808960914611816
4.082607746124268,3.312333106994629
4.118293762207031,3.254789113998413
4.137956619262695,3.2641470432281494
4.318048000335693,3.1569480895996094
4.469027996063232,3.324928045272827
4.178675174713135,3.84745717048645
4.038410663604736,3.2255430221557617
4.183529853820801,4.0444655418396
4.174779415130615,3.3859851360321045
4.095992565155029,3.496680736541748
4.082436561584473,3.2952330112457275
4.1828227043151855,3.3673155307769775
4.3182291984558105,3.2222859859466553
4.477334022521973,3.566277027130127
4.2173848152160645,3.5207507610321045
4.199273109436035,3.6811957359313965
4.141664505004883,3.165938377380371
4.151634216308594,3.260782241821289
4.039830684661865,3.39806866645813
4.1727294921875,3.309735059738159
4.156309127807617,3.171522617340088
4.226502895355225,3.4105143547058105
4.094397068023682,3.749542713165283
4.210656642913818,3.5458362102508545
4.114625453948975,3.2992475032806396
4.1218647956848145,3.465644598007202
4.246048450469971,3.395174264907837
4.475557327270508,3.3507027626037598
4.225858688354492,3.3159022331237793
4.084570407867432,3.9481050968170166
4.232771873474121,3.1404314041137695
4.2771172523498535,3.4100019931793213
4.145284652709961,3.3342950344085693
4.182403564453125,3.206855535507202
4.3231987953186035,3.4283673763275146
4.331432819366455,3.7361557483673096
4.250561237335205,4.483253479003906
4.168323516845703,3.2594382762908936
4.375097274780273,3.4637303352355957
4.0905442237854,3.182009696960449
4.129188060760498,3.8797976970672607
4.17682409286499,3.163285732269287
4.140385627746582,3.845430374145508
4.221701622009277,3.345548629760742
4.2598557472229,3.2592267990112305
4.576789379119873,3.295279026031494
4.264732360839844,3.292896032333374
4.141590118408203,3.6681318283081055
4.67418909072876,3.2836265563964844
4.1474785804748535,3.555717945098877
4.244441986083984,3.359356641769409
4.182785987854004,3.2954485416412354
4.229257106781006,3.1235568523406982
4.137882709503174,3.6527833938598633
4.140706539154053,3.406085729598999
4.188117027282715,3.4844911098480225
4.143927574157715,3.428562879562378
4.083717346191406,3.194037914276123
4.167579650878906,3.1420719623565674
4.189123630523682,3.4678585529327393
3.974722146987915,3.3179783821105957
